{
  "WS Open Connection" : {
    "transaction" : "WS Open Connection",
    "sampleCount" : 3400,
    "errorCount" : 0,
    "errorPct" : 0.0,
    "meanResTime" : 172.91294117647078,
    "medianResTime" : 143.0,
    "minResTime" : 129.0,
    "maxResTime" : 3423.0,
    "pct1ResTime" : 204.0,
    "pct2ResTime" : 248.94999999999982,
    "pct3ResTime" : 743.9599999999991,
    "throughput" : 11.33983483864082,
    "receivedKBytesPerSec" : 6.090731602785597,
    "sentKBytesPerSec" : 2.187881989840842
  },
  "HTTP Get Room History (59%)" : {
    "transaction" : "HTTP Get Room History (59%)",
    "sampleCount" : 60807,
    "errorCount" : 0,
    "errorPct" : 0.0,
    "meanResTime" : 114.96909895242274,
    "medianResTime" : 77.0,
    "minResTime" : 69.0,
    "maxResTime" : 5738.0,
    "pct1ResTime" : 102.0,
    "pct2ResTime" : 170.95000000000073,
    "pct3ResTime" : 231.0,
    "throughput" : 202.77381317611278,
    "receivedKBytesPerSec" : 5767.167613525049,
    "sentKBytesPerSec" : 47.43617921970248
  },
  "Total" : {
    "transaction" : "Total",
    "sampleCount" : 150218,
    "errorCount" : 0,
    "errorPct" : 0.0,
    "meanResTime" : 82.23774780652182,
    "medianResTime" : 76.0,
    "minResTime" : 0.0,
    "maxResTime" : 5738.0,
    "pct1ResTime" : 100.0,
    "pct2ResTime" : 139.0,
    "pct3ResTime" : 223.0,
    "throughput" : 500.52645608423296,
    "receivedKBytesPerSec" : 6929.524899024765,
    "sentKBytesPerSec" : 110.9959759585749
  },
  "HTTP Active Users Window (10%)" : {
    "transaction" : "HTTP Active Users Window (10%)",
    "sampleCount" : 10354,
    "errorCount" : 0,
    "errorPct" : 0.0,
    "meanResTime" : 120.20890477110305,
    "medianResTime" : 97.0,
    "minResTime" : 71.0,
    "maxResTime" : 1666.0,
    "pct1ResTime" : 159.0,
    "pct2ResTime" : 224.0,
    "pct3ResTime" : 677.8000000000029,
    "throughput" : 34.5870036511102,
    "receivedKBytesPerSec" : 22.29240469700462,
    "sentKBytesPerSec" : 8.275210834494139
  },
  "HTTP Get Stats (1%)" : {
    "transaction" : "HTTP Get Stats (1%)",
    "sampleCount" : 980,
    "errorCount" : 0,
    "errorPct" : 0.0,
    "meanResTime" : 118.51734693877567,
    "medianResTime" : 97.0,
    "minResTime" : 72.0,
    "maxResTime" : 1033.0,
    "pct1ResTime" : 153.0,
    "pct2ResTime" : 198.94999999999993,
    "pct3ResTime" : 641.3799999999999,
    "throughput" : 3.2754448588884877,
    "receivedKBytesPerSec" : 2.840405254832952,
    "sentKBytesPerSec" : 0.5437750254014091
  },
  "WS Write Message" : {
    "transaction" : "WS Write Message",
    "sampleCount" : 44035,
    "errorCount" : 0,
    "errorPct" : 0.0,
    "meanResTime" : 0.17304416941069609,
    "medianResTime" : 0.0,
    "minResTime" : 0.0,
    "maxResTime" : 99.0,
    "pct1ResTime" : 0.0,
    "pct2ResTime" : 1.0,
    "pct3ResTime" : 1.0,
    "throughput" : 146.9508573106675,
    "receivedKBytesPerSec" : 47.56557240879602,
    "sentKBytesPerSec" : 35.23643907179184
  },
  "HTTP Get User Rooms (10%)" : {
    "transaction" : "HTTP Get User Rooms (10%)",
    "sampleCount" : 10256,
    "errorCount" : 0,
    "errorPct" : 0.0,
    "meanResTime" : 104.848478939157,
    "medianResTime" : 77.0,
    "minResTime" : 67.0,
    "maxResTime" : 1648.0,
    "pct1ResTime" : 143.0,
    "pct2ResTime" : 194.29999999999927,
    "pct3ResTime" : 657.2900000000009,
    "throughput" : 34.24831363120283,
    "receivedKBytesPerSec" : 26.346760105690244,
    "sentKBytesPerSec" : 5.981717612535898
  },
  "HTTP Get User History (20%)" : {
    "transaction" : "HTTP Get User History (20%)",
    "sampleCount" : 20386,
    "errorCount" : 0,
    "errorPct" : 0.0,
    "meanResTime" : 114.34435396841009,
    "medianResTime" : 84.0,
    "minResTime" : 73.0,
    "maxResTime" : 4633.0,
    "pct1ResTime" : 156.0,
    "pct2ResTime" : 233.0,
    "pct3ResTime" : 641.0,
    "throughput" : 67.98143232536115,
    "receivedKBytesPerSec" : 1062.9765837066823,
    "sentKBytesPerSec" : 11.474794998599423
  }
}