{
  "WS Open Connection" : {
    "transaction" : "WS Open Connection",
    "sampleCount" : 17853,
    "errorCount" : 0,
    "errorPct" : 0.0,
    "meanResTime" : 180.5035008121873,
    "medianResTime" : 141.0,
    "minResTime" : 128.0,
    "maxResTime" : 4751.0,
    "pct1ResTime" : 230.0,
    "pct2ResTime" : 387.0,
    "pct3ResTime" : 847.8399999999965,
    "throughput" : 9.918983577812323,
    "receivedKBytesPerSec" : 5.327579070114041,
    "sentKBytesPerSec" : 1.9232955705568475
  },
  "HTTP Get Room History (59%)" : {
    "transaction" : "HTTP Get Room History (59%)",
    "sampleCount" : 362567,
    "errorCount" : 0,
    "errorPct" : 0.0,
    "meanResTime" : 130.15174850441306,
    "medianResTime" : 142.0,
    "minResTime" : 70.0,
    "maxResTime" : 5506.0,
    "pct1ResTime" : 380.0,
    "pct2ResTime" : 624.9500000000007,
    "pct3ResTime" : 1304.9700000000048,
    "throughput" : 201.42890873484353,
    "receivedKBytesPerSec" : 5711.364257229267,
    "sentKBytesPerSec" : 47.317978700225005
  },
  "Total" : {
    "transaction" : "Total",
    "sampleCount" : 896514,
    "errorCount" : 0,
    "errorPct" : 0.0,
    "meanResTime" : 89.74037772973998,
    "medianResTime" : 94.0,
    "minResTime" : 0.0,
    "maxResTime" : 10053.0,
    "pct1ResTime" : 362.0,
    "pct2ResTime" : 598.9500000000007,
    "pct3ResTime" : 1092.9900000000016,
    "throughput" : 498.0035729045848,
    "receivedKBytesPerSec" : 7798.9137619674875,
    "sentKBytesPerSec" : 110.74010962434508
  },
  "HTTP Active Users Window (10%)" : {
    "transaction" : "HTTP Active Users Window (10%)",
    "sampleCount" : 61465,
    "errorCount" : 0,
    "errorPct" : 0.0,
    "meanResTime" : 117.87767021882343,
    "medianResTime" : 86.0,
    "minResTime" : 71.0,
    "maxResTime" : 10053.0,
    "pct1ResTime" : 269.0,
    "pct2ResTime" : 359.9500000000007,
    "pct3ResTime" : 862.9400000000096,
    "throughput" : 34.161892857321504,
    "receivedKBytesPerSec" : 22.023785791933147,
    "sentKBytesPerSec" : 8.206860979395596
  },
  "HTTP Get Stats (1%)" : {
    "transaction" : "HTTP Get Stats (1%)",
    "sampleCount" : 6152,
    "errorCount" : 0,
    "errorPct" : 0.0,
    "meanResTime" : 97.22204161248385,
    "medianResTime" : 71.0,
    "minResTime" : 63.0,
    "maxResTime" : 2998.0,
    "pct1ResTime" : 136.69999999999982,
    "pct2ResTime" : 229.0,
    "pct3ResTime" : 543.2300000000023,
    "throughput" : 3.422620786190237,
    "receivedKBytesPerSec" : 2.895904345273562,
    "sentKBytesPerSec" : 0.5715509320688774
  },
  "WS Write Message" : {
    "transaction" : "WS Write Message",
    "sampleCount" : 264270,
    "errorCount" : 0,
    "errorPct" : 0.0,
    "meanResTime" : 0.1407916146365465,
    "medianResTime" : 0.0,
    "minResTime" : 0.0,
    "maxResTime" : 2131.0,
    "pct1ResTime" : 0.0,
    "pct2ResTime" : 1.0,
    "pct3ResTime" : 1.0,
    "throughput" : 146.8712538160016,
    "receivedKBytesPerSec" : 47.22657706704603,
    "sentKBytesPerSec" : 35.18628232086676
  },
  "HTTP Get User Rooms (10%)" : {
    "transaction" : "HTTP Get User Rooms (10%)",
    "sampleCount" : 61159,
    "errorCount" : 0,
    "errorPct" : 0.0,
    "meanResTime" : 99.94736669991404,
    "medianResTime" : 76.0,
    "minResTime" : 63.0,
    "maxResTime" : 5071.0,
    "pct1ResTime" : 192.0,
    "pct2ResTime" : 306.0,
    "pct3ResTime" : 734.9900000000016,
    "throughput" : 34.00070159560185,
    "receivedKBytesPerSec" : 30.734585483892488,
    "sentKBytesPerSec" : 5.969163814407671
  },
  "HTTP Get User History (20%)" : {
    "transaction" : "HTTP Get User History (20%)",
    "sampleCount" : 123048,
    "errorCount" : 0,
    "errorPct" : 0.0,
    "meanResTime" : 130.42794681750155,
    "medianResTime" : 93.0,
    "minResTime" : 66.0,
    "maxResTime" : 5685.0,
    "pct1ResTime" : 263.0,
    "pct2ResTime" : 346.0,
    "pct3ResTime" : 938.9900000000016,
    "throughput" : 68.36968570547494,
    "receivedKBytesPerSec" : 1980.6895462534276,
    "sentKBytesPerSec" : 11.602225788410303
  }
}