{
  "WS Open Connection" : {
    "transaction" : "WS Open Connection",
    "sampleCount" : 3400,
    "errorCount" : 0,
    "errorPct" : 0.0,
    "meanResTime" : 153.93264705882314,
    "medianResTime" : 139.0,
    "minResTime" : 130.0,
    "maxResTime" : 1179.0,
    "pct1ResTime" : 173.0,
    "pct2ResTime" : 178.0,
    "pct3ResTime" : 398.9299999999985,
    "throughput" : 11.338738131842845,
    "receivedKBytesPerSec" : 6.090142551282778,
    "sentKBytesPerSec" : 2.198297203958887
  },
  "HTTP Get Room History (59%)" : {
    "transaction" : "HTTP Get Room History (59%)",
    "sampleCount" : 60286,
    "errorCount" : 0,
    "errorPct" : 0.0,
    "meanResTime" : 112.89820190425621,
    "medianResTime" : 80.0,
    "minResTime" : 71.0,
    "maxResTime" : 2123.0,
    "pct1ResTime" : 151.0,
    "pct2ResTime" : 210.0,
    "pct3ResTime" : 275.0,
    "throughput" : 201.00961602582058,
    "receivedKBytesPerSec" : 5715.71691115179,
    "sentKBytesPerSec" : 47.219637514128955
  },
  "Total" : {
    "transaction" : "Total",
    "sampleCount" : 149525,
    "errorCount" : 0,
    "errorPct" : 0.0,
    "meanResTime" : 75.36175890319461,
    "medianResTime" : 76.0,
    "minResTime" : 0.0,
    "maxResTime" : 2529.0,
    "pct1ResTime" : 145.0,
    "pct2ResTime" : 159.0,
    "pct3ResTime" : 232.0,
    "throughput" : 498.1144772171549,
    "receivedKBytesPerSec" : 7460.849571572412,
    "sentKBytesPerSec" : 110.74332352955872
  },
  "HTTP Active Users Window (10%)" : {
    "transaction" : "HTTP Active Users Window (10%)",
    "sampleCount" : 10235,
    "errorCount" : 0,
    "errorPct" : 0.0,
    "meanResTime" : 92.72046897899398,
    "medianResTime" : 81.0,
    "minResTime" : 71.0,
    "maxResTime" : 2358.0,
    "pct1ResTime" : 110.0,
    "pct2ResTime" : 148.0,
    "pct3ResTime" : 312.6399999999994,
    "throughput" : 34.1636986918658,
    "receivedKBytesPerSec" : 22.033516401329162,
    "sentKBytesPerSec" : 8.207294802928699
  },
  "HTTP Get Stats (1%)" : {
    "transaction" : "HTTP Get Stats (1%)",
    "sampleCount" : 1081,
    "errorCount" : 0,
    "errorPct" : 0.0,
    "meanResTime" : 77.76873265494923,
    "medianResTime" : 70.0,
    "minResTime" : 64.0,
    "maxResTime" : 345.0,
    "pct1ResTime" : 89.0,
    "pct2ResTime" : 137.0,
    "pct3ResTime" : 194.16000000000076,
    "throughput" : 3.646249692210653,
    "receivedKBytesPerSec" : 3.083644759232837,
    "sentKBytesPerSec" : 0.6088952122734587
  },
  "WS Write Message" : {
    "transaction" : "WS Write Message",
    "sampleCount" : 43844,
    "errorCount" : 0,
    "errorPct" : 0.0,
    "meanResTime" : 0.20641364838974446,
    "medianResTime" : 0.0,
    "minResTime" : 0.0,
    "maxResTime" : 254.0,
    "pct1ResTime" : 0.0,
    "pct2ResTime" : 1.0,
    "pct3ResTime" : 1.0,
    "throughput" : 146.3471622789889,
    "receivedKBytesPerSec" : 47.36091961612409,
    "sentKBytesPerSec" : 35.095199564027716
  },
  "HTTP Get User Rooms (10%)" : {
    "transaction" : "HTTP Get User Rooms (10%)",
    "sampleCount" : 10255,
    "errorCount" : 0,
    "errorPct" : 0.0,
    "meanResTime" : 80.41950268161875,
    "medianResTime" : 73.0,
    "minResTime" : 64.0,
    "maxResTime" : 1144.0,
    "pct1ResTime" : 92.0,
    "pct2ResTime" : 138.0,
    "pct3ResTime" : 185.4400000000005,
    "throughput" : 34.44812458430469,
    "receivedKBytesPerSec" : 29.682216549334214,
    "sentKBytesPerSec" : 6.05004963674948
  },
  "HTTP Get User History (20%)" : {
    "transaction" : "HTTP Get User History (20%)",
    "sampleCount" : 20424,
    "errorCount" : 0,
    "errorPct" : 0.0,
    "meanResTime" : 101.45422052487238,
    "medianResTime" : 83.0,
    "minResTime" : 66.0,
    "maxResTime" : 2529.0,
    "pct1ResTime" : 152.0,
    "pct2ResTime" : 208.0,
    "pct3ResTime" : 289.0,
    "throughput" : 68.13814455001602,
    "receivedKBytesPerSec" : 1644.7749833764394,
    "sentKBytesPerSec" : 11.568325413728047
  }
}