{
  "WS Open Connection" : {
    "transaction" : "WS Open Connection",
    "sampleCount" : 358,
    "errorCount" : 11,
    "errorPct" : 3.0726256,
    "meanResTime" : 522.4608938547487,
    "medianResTime" : 157.0,
    "minResTime" : 131.0,
    "maxResTime" : 6256.0,
    "pct1ResTime" : 1139.7000000000003,
    "pct2ResTime" : 1684.000000000001,
    "pct3ResTime" : 6083.64,
    "throughput" : 1.1743595967813363,
    "receivedKBytesPerSec" : 1.1882978131242887,
    "sentKBytesPerSec" : 0.22178133621127977
  },
  "Total" : {
    "transaction" : "Total",
    "sampleCount" : 26525,
    "errorCount" : 638,
    "errorPct" : 2.405278,
    "meanResTime" : 2647.8038831291283,
    "medianResTime" : 642.0,
    "minResTime" : 0.0,
    "maxResTime" : 78743.0,
    "pct1ResTime" : 6179.800000000003,
    "pct2ResTime" : 11694.900000000001,
    "pct3ResTime" : 60073.0,
    "throughput" : 1.5031983201604353E-5,
    "receivedKBytesPerSec" : 0.0032231052773942096,
    "sentKBytesPerSec" : 3.398904204163717E-6
  },
  "HTTP Get Room History" : {
    "transaction" : "HTTP Get Room History",
    "sampleCount" : 14865,
    "errorCount" : 359,
    "errorPct" : 2.4150689,
    "meanResTime" : 3765.2780356542344,
    "medianResTime" : 1143.0,
    "minResTime" : 90.0,
    "maxResTime" : 78743.0,
    "pct1ResTime" : 6524.0,
    "pct2ResTime" : 11983.799999999996,
    "pct3ResTime" : 60074.34,
    "throughput" : 45.50951367734627,
    "receivedKBytesPerSec" : 16646.88598739323,
    "sentKBytesPerSec" : 10.734844632579179
  },
  "HTTP Get User History" : {
    "transaction" : "HTTP Get User History",
    "sampleCount" : 3002,
    "errorCount" : 101,
    "errorPct" : 3.3644238,
    "meanResTime" : 3886.2265156562257,
    "medianResTime" : 340.5,
    "minResTime" : 74.0,
    "maxResTime" : 71747.0,
    "pct1ResTime" : 7673.600000000013,
    "pct2ResTime" : 15018.499999999985,
    "pct3ResTime" : 60072.97,
    "throughput" : 9.545401069008609,
    "receivedKBytesPerSec" : 784.6311772995847,
    "sentKBytesPerSec" : 1.621612249083457
  },
  "HTTP Get Stats" : {
    "transaction" : "HTTP Get Stats",
    "sampleCount" : 449,
    "errorCount" : 21,
    "errorPct" : 4.67706,
    "meanResTime" : 5253.946547884189,
    "medianResTime" : 143.0,
    "minResTime" : 72.0,
    "maxResTime" : 60185.0,
    "pct1ResTime" : 12420.0,
    "pct2ResTime" : 39643.5,
    "pct3ResTime" : 60103.0,
    "throughput" : 1.4918133007282974,
    "receivedKBytesPerSec" : 1.880950952069268,
    "sentKBytesPerSec" : 0.2505780153567062
  },
  "WS Write Message" : {
    "transaction" : "WS Write Message",
    "sampleCount" : 7851,
    "errorCount" : 146,
    "errorPct" : 1.8596357,
    "meanResTime" : 6.320850847025867,
    "medianResTime" : 0.0,
    "minResTime" : 0.0,
    "maxResTime" : 6001.0,
    "pct1ResTime" : 1.0,
    "pct2ResTime" : 1.0,
    "pct3ResTime" : 77.0,
    "throughput" : 4.449240412818271E-6,
    "receivedKBytesPerSec" : 1.2748861487210527E-6,
    "sentKBytesPerSec" : 1.0417331213056812E-6
  }
}